{
    "159": {
        "1": {
            "hidx": 0,
            "pos": [
                23153.985789275062,
                17789.940097042847,
                5234.201112881613
            ]
        },
        "2": {
            "hidx": 1,
            "pos": [
                20486.891683026424,
                14495.709795273322,
                5965.115894409935
            ]
        },
        "3": {
            "hidx": 3,
            "pos": [
                12053.908097977952,
                23328.88317880252,
                22026.531384406848
            ]
        },
        "4": {
            "hidx": 1,
            "pos": [
                21797.496727485326,
                15677.013591292305,
                6458.909371106864
            ]
        },
        "5": {
            "hidx": 4,
            "pos": [
                12643.243491746256,
                20202.947262486734,
                1776.39486199703
            ]
        },
        "6": {
            "hidx": 0,
            "pos": [
                23267.341854410766,
                17836.71190244829,
                5934.3792351693155
            ]
        },
        "7": {
            "hidx": 0,
            "pos": [
                5863.126053004775,
                18013.408983053756,
                8141.989357948506
            ]
        },
        "8": {
            "hidx": 4,
            "pos": [
                10681.428286968643,
                20469.93560283101,
                1213.0588647689983
            ]
        },
        "9": {
            "hidx": 0,
            "pos": [
                23389.40621816516,
                16480.15218026541,
                8737.1321368172
            ]
        },
        "10": {
            "hidx": 10,
            "pos": [
                11988.465750527252,
                23748.789746076745,
                17455.463326774818
            ]
        },
        "11": {
            "hidx": 5,
            "pos": [
                3948.415796110314,
                6053.356883805408,
                5387.235488083048
            ]
        },
        "12": {
            "hidx": 17,
            "pos": [
                1024.6895898309472,
                22510.836222359987,
                22480.67488583212
            ]
        },
        "13": {
            "hidx": 2,
            "pos": [
                19176.850442880976,
                18209.501332479645,
                23024.92457736576
            ]
        },
        "14": {
            "hidx": 1,
            "pos": [
                19298.54464489438,
                10265.71256939848,
                4932.098256273041
            ]
        },
        "15": {
            "hidx": 2,
            "pos": [
                15025.632790136775,
                22525.39184381196,
                24526.691629694662
            ]
        },
        "16": {
            "hidx": 23,
            "pos": [
                17107.116337787615,
                12827.622885669127,
                17639.67585786498
            ]
        },
        "18": {
            "hidx": 14,
            "pos": [
                9379.636592077748,
                1268.3277625479382,
                22047.33631474298
            ]
        },
        "20": {
            "hidx": 13,
            "pos": [
                18154.66414063921,
                15059.475003087293,
                6449.256127255435
            ]
        },
        "22": {
            "hidx": 2,
            "pos": [
                19092.460488481705,
                19257.197799179547,
                24210.116647305476
            ]
        },
        "24": {
            "hidx": 1,
            "pos": [
                20591.104630600246,
                15338.535684075387,
                4861.861073886829
            ]
        },
        "26": {
            "hidx": 0,
            "pos": [
                1735.0301641635645,
                17789.59200573365,
                9050.096683467627
            ]
        },
        "27": {
            "hidx": 6,
            "pos": [
                22199.15104000291,
                21796.640663644957,
                18674.727940044908
            ]
        },
        "29": {
            "hidx": 16,
            "pos": [
                16205.459943286622,
                17597.973400725135,
                5899.596936837261
            ]
        },
        "30": {
            "hidx": 22,
            "pos": [
                8753.43739381152,
                10825.766020133971,
                228.85305864663894
            ]
        },
        "31": {
            "hidx": 29,
            "pos": [
                24723.504195739464,
                13803.778489213584,
                6445.630194439594
            ]
        },
        "35": {
            "hidx": 0,
            "pos": [
                2682.4471455702937,
                17092.73962577862,
                8715.52371824965
            ]
        },
        "38": {
            "hidx": 5,
            "pos": [
                2902.5500031361817,
                7480.381888081027,
                5008.286999044205
            ]
        },
        "39": {
            "hidx": 35,
            "pos": [
                6129.132442096677,
                8592.617653150952,
                1894.8036745464838
            ]
        },
        "49": {
            "hidx": 0,
            "pos": [
                4900.618945856255,
                17649.12134587487,
                8571.859478256327
            ]
        },
        "50": {
            "hidx": 21,
            "pos": [
                24577.52993117908,
                13221.58655424434,
                5736.407009052233
            ]
        },
        "54": {
            "hidx": 2,
            "pos": [
                16699.168942352466,
                21099.23745274802,
                24379.143679033878
            ]
        }
    }
}